date,order_code,Face_Masks_Required_in_Public,Source_of_Action,Citation,COUNTYFP,1845,index,NEVER,RARELY,SOMETIMES,FREQUENTLY,ALWAYS
2020-04-10,1,Yes,Official,"N.J. Exec. Order No. 122 (Apr. 8, 2020)",34003,8928,1775,0.02,0.014,0.053,0.151,0.762
2020-04-11,1,Yes,Official,"N.J. Exec. Order No. 122 (Apr. 8, 2020)",34003,9362,1775,0.02,0.014,0.053,0.151,0.762
2020-04-12,1,Yes,Official,"N.J. Exec. Order No. 122 (Apr. 8, 2020)",34003,9784,1775,0.02,0.014,0.053,0.151,0.762
2020-04-13,1,Yes,Official,"N.J. Exec. Order No.125 (Apr. 11, 2020)",34003,10092,1775,0.02,0.014,0.053,0.151,0.762
2020-04-14,1,Yes,Official,"N.J. Exec. Order No.125 (Apr. 11, 2020)",34003,10426,1775,0.02,0.014,0.053,0.151,0.762
2020-04-15,1,Yes,Official,"N.J. Exec. Order No.125 (Apr. 11, 2020)",34003,10848,1775,0.02,0.014,0.053,0.151,0.762
2020-04-16,1,Yes,Official,"N.J. Exec. Order No.125 (Apr. 11, 2020)",34003,11409,1775,0.02,0.014,0.053,0.151,0.762
2020-04-17,1,Yes,Official,"N.J. Exec. Order No.125 (Apr. 11, 2020)",34003,11863,1775,0.02,0.014,0.053,0.151,0.762
2020-04-18,1,Yes,Official,"N.J. Exec. Order No.125 (Apr. 11, 2020)",34003,12163,1775,0.02,0.014,0.053,0.151,0.762
2020-04-19,1,Yes,Official,"N.J. Exec. Order No.125 (Apr. 11, 2020)",34003,12639,1775,0.02,0.014,0.053,0.151,0.762
2020-04-20,1,Yes,Official,"N.J. Exec. Order No.125 (Apr. 11, 2020)",34003,13011,1775,0.02,0.014,0.053,0.151,0.762
2020-04-21,1,Yes,Official,"N.J. Exec. Order No.125 (Apr. 11, 2020)",34003,13356,1775,0.02,0.014,0.053,0.151,0.762
2020-04-22,1,Yes,Official,"N.J. Exec. Order No.125 (Apr. 11, 2020)",34003,13686,1775,0.02,0.014,0.053,0.151,0.762
2020-04-23,1,Yes,Official,"N.J. Exec. Order No.125 (Apr. 11, 2020)",34003,14049,1775,0.02,0.014,0.053,0.151,0.762
2020-04-24,1,Yes,Official,"N.J. Exec. Order No.125 (Apr. 11, 2020)",34003,14363,1775,0.02,0.014,0.053,0.151,0.762
2020-04-25,1,Yes,Official,"N.J. Exec. Order No.125 (Apr. 11, 2020)",34003,14738,1775,0.02,0.014,0.053,0.151,0.762
2020-04-26,1,Yes,Official,"N.J. Exec. Order No.125 (Apr. 11, 2020)",34003,14965,1775,0.02,0.014,0.053,0.151,0.762
2020-04-27,1,Yes,Official,"N.J. Exec. Order No.125 (Apr. 11, 2020)",34003,15104,1775,0.02,0.014,0.053,0.151,0.762
2020-04-28,1,Yes,Official,"N.J. Exec. Order No.125 (Apr. 11, 2020)",34003,15251,1775,0.02,0.014,0.053,0.151,0.762
2020-04-29,1,Yes,Official,"N.J. Exec. Order No.125 (Apr. 11, 2020)",34003,15446,1775,0.02,0.014,0.053,0.151,0.762
2020-04-30,1,Yes,Official,"N.J. Exec. Order No.125 (Apr. 11, 2020)",34003,15610,1775,0.02,0.014,0.053,0.151,0.762
2020-05-01,1,Yes,Official,"N.J. Exec. Order No.125 (Apr. 11, 2020)",34003,15832,1775,0.02,0.014,0.053,0.151,0.762
2020-05-02,1,Yes,Official,"N.J. Exec. Order No.125 (Apr. 11, 2020)",34003,15977,1775,0.02,0.014,0.053,0.151,0.762
2020-05-03,1,Yes,Official,"N.J. Exec. Order No.125 (Apr. 11, 2020)",34003,16188,1775,0.02,0.014,0.053,0.151,0.762
2020-05-04,1,Yes,Official,"N.J. Exec. Order No.125 (Apr. 11, 2020)",34003,16289,1775,0.02,0.014,0.053,0.151,0.762
2020-05-05,1,Yes,Official,"N.J. Exec. Order No.125 (Apr. 11, 2020)",34003,16469,1775,0.02,0.014,0.053,0.151,0.762
2020-05-06,1,Yes,Official,"N.J. Exec. Order No.125 (Apr. 11, 2020)",34003,16529,1775,0.02,0.014,0.053,0.151,0.762
2020-05-07,1,Yes,Official,"N.J. Exec. Order No.125 (Apr. 11, 2020)",34003,16620,1775,0.02,0.014,0.053,0.151,0.762
2020-05-08,1,Yes,Official,"N.J. Exec. Order No.125 (Apr. 11, 2020)",34003,16721,1775,0.02,0.014,0.053,0.151,0.762
2020-05-09,1,Yes,Official,"N.J. Exec. Order No.125 (Apr. 11, 2020)",34003,16816,1775,0.02,0.014,0.053,0.151,0.762
2020-05-10,1,Yes,Official,"N.J. Exec. Order No.125 (Apr. 11, 2020)",34003,16941,1775,0.02,0.014,0.053,0.151,0.762
2020-05-11,1,Yes,Official,"N.J. Exec. Order No.125 (Apr. 11, 2020)",34003,17045,1775,0.02,0.014,0.053,0.151,0.762
2020-05-12,1,Yes,Official,"N.J. Exec. Order No.125 (Apr. 11, 2020)",34003,17110,1775,0.02,0.014,0.053,0.151,0.762
2020-05-13,1,Yes,Official,"N.J. Exec. Order No.125 (Apr. 11, 2020)",34003,17171,1775,0.02,0.014,0.053,0.151,0.762
2020-05-14,1,Yes,Official,"N.J. Exec. Order No.125 (Apr. 11, 2020)",34003,17103,1775,0.02,0.014,0.053,0.151,0.762
2020-05-15,1,Yes,Official,"N.J. Exec. Order No.125 (Apr. 11, 2020)",34003,17221,1775,0.02,0.014,0.053,0.151,0.762
2020-05-16,1,Yes,Official,"N.J. Exec. Order No.125 (Apr. 11, 2020)",34003,17272,1775,0.02,0.014,0.053,0.151,0.762
2020-05-17,1,Yes,Official,"N.J. Exec. Order No.125 (Apr. 11, 2020)",34003,17387,1775,0.02,0.014,0.053,0.151,0.762
2020-05-18,1,Yes,Official,"N.J. Exec. Order No.125 (Apr. 11, 2020)",34003,17487,1775,0.02,0.014,0.053,0.151,0.762
2020-05-19,1,Yes,Official,"N.J. Exec. Order No.125 (Apr. 11, 2020)",34003,17553,1775,0.02,0.014,0.053,0.151,0.762
2020-05-20,1,Yes,Official,"N.J. Exec. Order No.125 (Apr. 11, 2020)",34003,17553,1775,0.02,0.014,0.053,0.151,0.762
2020-05-21,1,Yes,Official,"N.J. Exec. Order No.125 (Apr. 11, 2020)",34003,17621,1775,0.02,0.014,0.053,0.151,0.762
2020-05-22,1,Yes,Official,"N.J. Exec. Order No.125 (Apr. 11, 2020)",34003,17698,1775,0.02,0.014,0.053,0.151,0.762
2020-05-23,1,Yes,Official,"N.J. Exec. Order No.125 (Apr. 11, 2020)",34003,17714,1775,0.02,0.014,0.053,0.151,0.762
2020-05-24,1,Yes,Official,"N.J. Exec. Order No.125 (Apr. 11, 2020)",34003,17851,1775,0.02,0.014,0.053,0.151,0.762
2020-05-25,1,Yes,Official,"N.J. Exec. Order No.125 (Apr. 11, 2020)",34003,17949,1775,0.02,0.014,0.053,0.151,0.762
2020-05-26,1,Yes,Official,"N.J. Exec. Order No.125 (Apr. 11, 2020)",34003,18013,1775,0.02,0.014,0.053,0.151,0.762
2020-05-27,1,Yes,Official,"N.J. Exec. Order No.125 (Apr. 11, 2020)",34003,18076,1775,0.02,0.014,0.053,0.151,0.762
2020-05-28,1,Yes,Official,"N.J. Exec. Order No.125 (Apr. 11, 2020)",34003,18217,1775,0.02,0.014,0.053,0.151,0.762
2020-05-29,1,Yes,Official,"N.J. Exec. Order No.125 (Apr. 11, 2020)",34003,18284,1775,0.02,0.014,0.053,0.151,0.762
2020-05-30,1,Yes,Official,"N.J. Exec. Order No.125 (Apr. 11, 2020)",34003,18273,1775,0.02,0.014,0.053,0.151,0.762
2020-05-31,1,Yes,Official,"N.J. Exec. Order No.125 (Apr. 11, 2020)",34003,18334,1775,0.02,0.014,0.053,0.151,0.762
2020-06-01,1,Yes,Official,"N.J. Exec. Order No.125 (Apr. 11, 2020)",34003,18367,1775,0.02,0.014,0.053,0.151,0.762
2020-06-02,1,Yes,Official,"N.J. Exec. Order No.125 (Apr. 11, 2020)",34003,18406,1775,0.02,0.014,0.053,0.151,0.762
2020-06-03,1,Yes,Official,"N.J. Exec. Order No.125 (Apr. 11, 2020)",34003,18451,1775,0.02,0.014,0.053,0.151,0.762
2020-06-04,1,Yes,Official,"N.J. Exec. Order No.125 (Apr. 11, 2020)",34003,18485,1775,0.02,0.014,0.053,0.151,0.762
2020-06-05,1,Yes,Official,"N.J. Exec. Order No.125 (Apr. 11, 2020)",34003,18541,1775,0.02,0.014,0.053,0.151,0.762
2020-06-06,1,Yes,Official,"N.J. Exec. Order No.125 (Apr. 11, 2020)",34003,18573,1775,0.02,0.014,0.053,0.151,0.762
2020-06-07,1,Yes,Official,"N.J. Exec. Order No.125 (Apr. 11, 2020)",34003,18593,1775,0.02,0.014,0.053,0.151,0.762
2020-06-08,1,Yes,Official,"N.J. Exec. Order No.125 (Apr. 11, 2020)",34003,18625,1775,0.02,0.014,0.053,0.151,0.762
2020-06-09,1,Yes,Official,"N.J. Exec. Order No.125 (Apr. 11, 2020)",34003,18662,1775,0.02,0.014,0.053,0.151,0.762
2020-06-10,1,Yes,Official,"N.J. Exec. Order No.125 (Apr. 11, 2020)",34003,18761,1775,0.02,0.014,0.053,0.151,0.762
2020-06-11,1,Yes,Official,"N.J. Exec. Order No.125 (Apr. 11, 2020)",34003,18814,1775,0.02,0.014,0.053,0.151,0.762
2020-06-12,1,Yes,Official,"N.J. Exec. Order No.125 (Apr. 11, 2020)",34003,18840,1775,0.02,0.014,0.053,0.151,0.762
2020-06-13,1,Yes,Official,"N.J. Exec. Order No.125 (Apr. 11, 2020)",34003,18903,1775,0.02,0.014,0.053,0.151,0.762
2020-06-14,1,Yes,Official,"N.J. Exec. Order No.125 (Apr. 11, 2020)",34003,18919,1775,0.02,0.014,0.053,0.151,0.762
2020-06-15,1,Yes,Official,"N.J. Exec. Order No.125 (Apr. 11, 2020)",34003,18949,1775,0.02,0.014,0.053,0.151,0.762
2020-06-16,1,Yes,Official,"N.J. Exec. Order No.125 (Apr. 11, 2020)",34003,19006,1775,0.02,0.014,0.053,0.151,0.762
2020-06-17,1,Yes,Official,"N.J. Exec. Order No.125 (Apr. 11, 2020)",34003,19034,1775,0.02,0.014,0.053,0.151,0.762
2020-06-18,1,Yes,Official,"N.J. Exec. Order No.125 (Apr. 11, 2020)",34003,19059,1775,0.02,0.014,0.053,0.151,0.762
2020-06-19,1,Yes,Official,"N.J. Exec. Order No.125 (Apr. 11, 2020)",34003,19080,1775,0.02,0.014,0.053,0.151,0.762
2020-06-20,1,Yes,Official,"N.J. Exec. Order No.125 (Apr. 11, 2020)",34003,19112,1775,0.02,0.014,0.053,0.151,0.762
2020-06-21,1,Yes,Official,"N.J. Exec. Order No.125 (Apr. 11, 2020)",34003,19126,1775,0.02,0.014,0.053,0.151,0.762
2020-06-22,1,Yes,Official,"N.J. Exec. Order No.125 (Apr. 11, 2020)",34003,19158,1775,0.02,0.014,0.053,0.151,0.762
2020-06-23,1,Yes,Official,"N.J. Exec. Order No.125 (Apr. 11, 2020)",34003,19200,1775,0.02,0.014,0.053,0.151,0.762
2020-06-24,1,Yes,Official,"N.J. Exec. Order No.125 (Apr. 11, 2020)",34003,19232,1775,0.02,0.014,0.053,0.151,0.762
2020-06-25,1,Yes,Official,"N.J. Exec. Order No.125 (Apr. 11, 2020)",34003,19307,1775,0.02,0.014,0.053,0.151,0.762
2020-06-26,1,Yes,Official,"N.J. Exec. Order No.157 (June 26, 2020)",34003,19408,1775,0.02,0.014,0.053,0.151,0.762
2020-06-27,1,Yes,Official,"N.J. Exec. Order No.157 (June 26, 2020)",34003,19422,1775,0.02,0.014,0.053,0.151,0.762
2020-06-28,1,Yes,Official,"N.J. Exec. Order No.157 (June 26, 2020)",34003,19501,1775,0.02,0.014,0.053,0.151,0.762
2020-06-29,1,Yes,Official,"N.J. Exec. Order No.157 (June 26, 2020)",34003,19525,1775,0.02,0.014,0.053,0.151,0.762
2020-06-30,1,Yes,Official,"N.J. Exec. Order No.157 (June 26, 2020)",34003,19579,1775,0.02,0.014,0.053,0.151,0.762
2020-07-01,1,Yes,Official,"N.J. Exec. Order No.157 (June 26, 2020)",34003,19603,1775,0.02,0.014,0.053,0.151,0.762
2020-07-02,1,Yes,Official,"N.J. Exec. Order No.157 (June 26, 2020)",34003,19639,1775,0.02,0.014,0.053,0.151,0.762
2020-07-03,1,Yes,Official,"N.J. Exec. Order No.157 (June 26, 2020)",34003,19702,1775,0.02,0.014,0.053,0.151,0.762
2020-07-04,1,Yes,Official,"N.J. Exec. Order No.157 (June 26, 2020)",34003,19732,1775,0.02,0.014,0.053,0.151,0.762
2020-07-05,1,Yes,Official,"N.J. Exec. Order No.157 (June 26, 2020)",34003,19796,1775,0.02,0.014,0.053,0.151,0.762
2020-07-06,1,Yes,Official,"N.J. Exec. Order No.157 (June 26, 2020)",34003,19828,1775,0.02,0.014,0.053,0.151,0.762
2020-07-07,1,Yes,Official,"N.J. Exec. Order No.157 (June 26, 2020)",34003,19854,1775,0.02,0.014,0.053,0.151,0.762
2020-07-08,1,Yes,Official,"N. J. Exec. Order 163 (July 8, 2020)",34003,19913,1775,0.02,0.014,0.053,0.151,0.762
2020-07-09,1,Yes,Official,"N. J. Exec. Order 163 (July 8, 2020)",34003,19955,1775,0.02,0.014,0.053,0.151,0.762
2020-07-10,1,Yes,Official,"N. J. Exec. Order 163 (July 8, 2020)",34003,20017,1775,0.02,0.014,0.053,0.151,0.762
2020-07-11,1,Yes,Official,"N. J. Exec. Order 163 (July 8, 2020)",34003,20041,1775,0.02,0.014,0.053,0.151,0.762
2020-07-12,1,Yes,Official,"N. J. Exec. Order 163 (July 8, 2020)",34003,20067,1775,0.02,0.014,0.053,0.151,0.762
2020-07-13,1,Yes,Official,"N. J. Exec. Order 163 (July 8, 2020)",34003,20094,1775,0.02,0.014,0.053,0.151,0.762
2020-07-14,1,Yes,Official,"N. J. Exec. Order 163 (July 8, 2020)",34003,20113,1775,0.02,0.014,0.053,0.151,0.762
2020-07-15,1,Yes,Official,"N. J. Exec. Order 163 (July 8, 2020)",34003,20140,1775,0.02,0.014,0.053,0.151,0.762
2020-07-16,1,Yes,Official,"N. J. Exec. Order 163 (July 8, 2020)",34003,20168,1775,0.02,0.014,0.053,0.151,0.762
2020-07-17,1,Yes,Official,"N. J. Exec. Order 163 (July 8, 2020)",34003,20191,1775,0.02,0.014,0.053,0.151,0.762
2020-07-18,1,Yes,Official,"N. J. Exec. Order 163 (July 8, 2020)",34003,20206,1775,0.02,0.014,0.053,0.151,0.762
2020-07-19,1,Yes,Official,"N. J. Exec. Order 163 (July 8, 2020)",34003,20209,1775,0.02,0.014,0.053,0.151,0.762
2020-07-20,1,Yes,Official,"N. J. Exec. Order 163 (July 8, 2020)",34003,20271,1775,0.02,0.014,0.053,0.151,0.762
2020-07-21,1,Yes,Official,"N. J. Exec. Order 163 (July 8, 2020)",34003,20296,1775,0.02,0.014,0.053,0.151,0.762
2020-07-22,1,Yes,Official,"N. J. Exec. Order 163 (July 8, 2020)",34003,20350,1775,0.02,0.014,0.053,0.151,0.762
2020-07-23,1,Yes,Official,"N. J. Exec. Order 163 (July 8, 2020)",34003,20391,1775,0.02,0.014,0.053,0.151,0.762
2020-07-24,1,Yes,Official,"N. J. Exec. Order 163 (July 8, 2020)",34003,20421,1775,0.02,0.014,0.053,0.151,0.762
2020-07-25,1,Yes,Official,"N. J. Exec. Order 163 (July 8, 2020)",34003,20454,1775,0.02,0.014,0.053,0.151,0.762
2020-07-26,1,Yes,Official,"N. J. Exec. Order 163 (July 8, 2020)",34003,20495,1775,0.02,0.014,0.053,0.151,0.762
2020-07-27,1,Yes,Official,"N. J. Exec. Order 163 (July 8, 2020)",34003,20554,1775,0.02,0.014,0.053,0.151,0.762
2020-07-28,1,Yes,Official,"N. J. Exec. Order 163 (July 8, 2020)",34003,20619,1775,0.02,0.014,0.053,0.151,0.762
2020-07-29,1,Yes,Official,"N. J. Exec. Order 163 (July 8, 2020)",34003,20675,1775,0.02,0.014,0.053,0.151,0.762
2020-07-30,1,Yes,Official,"N. J. Exec. Order 163 (July 8, 2020)",34003,20700,1775,0.02,0.014,0.053,0.151,0.762
2020-07-31,1,Yes,Official,"N. J. Exec. Order 163 (July 8, 2020)",34003,20769,1775,0.02,0.014,0.053,0.151,0.762
2020-08-01,1,Yes,Official,"N. J. Exec. Order 163 (July 8, 2020)",34003,20793,1775,0.02,0.014,0.053,0.151,0.762
2020-08-02,1,Yes,Official,"N. J. Exec. Order 163 (July 8, 2020)",34003,20821,1775,0.02,0.014,0.053,0.151,0.762
2020-08-03,1,Yes,Official,"N. J. Exec. Order 163 (July 8, 2020)",34003,20857,1775,0.02,0.014,0.053,0.151,0.762
2020-08-04,1,Yes,Official,"N. J. Exec. Order 163 (July 8, 2020)",34003,20918,1775,0.02,0.014,0.053,0.151,0.762
2020-08-05,1,Yes,Official,"N. J. Exec. Order 163 (July 8, 2020)",34003,20950,1775,0.02,0.014,0.053,0.151,0.762
2020-08-06,1,Yes,Official,"N. J. Exec. Order 163 (July 8, 2020)",34003,20985,1775,0.02,0.014,0.053,0.151,0.762
2020-08-07,1,Yes,Official,"N. J. Exec. Order 163 (July 8, 2020)",34003,21014,1775,0.02,0.014,0.053,0.151,0.762
2020-08-08,1,Yes,Official,"N. J. Exec. Order 163 (July 8, 2020)",34003,21075,1775,0.02,0.014,0.053,0.151,0.762
2020-08-09,1,Yes,Official,"N. J. Exec. Order 163 (July 8, 2020)",34003,21120,1775,0.02,0.014,0.053,0.151,0.762
2020-08-10,1,Yes,Official,"N. J. Exec. Order 163 (July 8, 2020)",34003,21159,1775,0.02,0.014,0.053,0.151,0.762
2020-08-11,1,Yes,Official,"N. J. Exec. Order 163 (July 8, 2020)",34003,21202,1775,0.02,0.014,0.053,0.151,0.762
2020-08-12,1,Yes,Official,"N. J. Exec. Order 163 (July 8, 2020)",34003,21241,1775,0.02,0.014,0.053,0.151,0.762
2020-08-13,1,Yes,Official,"N. J. Exec. Order 163 (July 8, 2020)",34003,21285,1775,0.02,0.014,0.053,0.151,0.762
2020-08-14,1,Yes,Official,"N. J. Exec. Order 163 (July 8, 2020)",34003,21406,1775,0.02,0.014,0.053,0.151,0.762
2020-08-15,1,Yes,Official,"N. J. Exec. Order 163 (July 8, 2020)",34003,21471,1775,0.02,0.014,0.053,0.151,0.762
2020-08-16,1,Yes,Official,"N. J. Exec. Order 163 (July 8, 2020)",34003,21548,1775,0.02,0.014,0.053,0.151,0.762
2020-08-17,1,Yes,Official,"N. J. Exec. Order 163 (July 8, 2020)",34003,21635,1775,0.02,0.014,0.053,0.151,0.762
2020-08-18,1,Yes,Official,"N. J. Exec. Order 163 (July 8, 2020)",34003,21664,1775,0.02,0.014,0.053,0.151,0.762
2020-08-19,1,Yes,Official,"N. J. Exec. Order 163 (July 8, 2020)",34003,21671,1775,0.02,0.014,0.053,0.151,0.762
2020-08-20,1,Yes,Official,"N. J. Exec. Order 163 (July 8, 2020)",34003,21631,1775,0.02,0.014,0.053,0.151,0.762
2020-08-21,1,Yes,Official,"N. J. Exec. Order 163 (July 8, 2020)",34003,21652,1775,0.02,0.014,0.053,0.151,0.762
2020-08-22,1,Yes,Official,"N. J. Exec. Order 163 (July 8, 2020)",34003,21687,1775,0.02,0.014,0.053,0.151,0.762
2020-08-23,1,Yes,Official,"N. J. Exec. Order 163 (July 8, 2020)",34003,21697,1775,0.02,0.014,0.053,0.151,0.762
2020-08-24,1,Yes,Official,"N. J. Exec. Order 163 (July 8, 2020)",34003,21732,1775,0.02,0.014,0.053,0.151,0.762
2020-08-25,1,Yes,Official,"N. J. Exec. Order 163 (July 8, 2020)",34003,21782,1775,0.02,0.014,0.053,0.151,0.762
2020-08-26,1,Yes,Official,"N. J. Exec. Order 163 (July 8, 2020)",34003,21827,1775,0.02,0.014,0.053,0.151,0.762
2020-08-27,1,Yes,Official,"N. J. Exec. Order 163 (July 8, 2020)",34003,21849,1775,0.02,0.014,0.053,0.151,0.762
2020-08-28,1,Yes,Official,"N. J. Exec. Order 163 (July 8, 2020)",34003,21872,1775,0.02,0.014,0.053,0.151,0.762
2020-08-29,1,Yes,Official,"N. J. Exec. Order 163 (July 8, 2020)",34003,21920,1775,0.02,0.014,0.053,0.151,0.762
2020-08-30,1,Yes,Official,"N. J. Exec. Order 163 (July 8, 2020)",34003,21957,1775,0.02,0.014,0.053,0.151,0.762
2020-08-31,1,Yes,Official,"N. J. Exec. Order 163 (July 8, 2020)",34003,22004,1775,0.02,0.014,0.053,0.151,0.762
2020-09-01,1,Yes,Official,"N. J. Exec. Order 163 (July 8, 2020)",34003,22074,1775,0.02,0.014,0.053,0.151,0.762
2020-09-02,1,Yes,Official,"N. J. Exec. Order 163 (July 8, 2020)",34003,22104,1775,0.02,0.014,0.053,0.151,0.762
2020-09-03,1,Yes,Official,"N. J. Exec. Order 163 (July 8, 2020)",34003,22141,1775,0.02,0.014,0.053,0.151,0.762
2020-09-04,1,Yes,Official,"N. J. Exec. Order 163 (July 8, 2020)",34003,22174,1775,0.02,0.014,0.053,0.151,0.762
2020-09-05,1,Yes,Official,"N. J. Exec. Order 163 (July 8, 2020)",34003,22178,1775,0.02,0.014,0.053,0.151,0.762
2020-09-06,1,Yes,Official,"N. J. Exec. Order 163 (July 8, 2020)",34003,22211,1775,0.02,0.014,0.053,0.151,0.762
2020-09-07,1,Yes,Official,"N. J. Exec. Order 163 (July 8, 2020)",34003,22243,1775,0.02,0.014,0.053,0.151,0.762
2020-09-08,1,Yes,Official,"N. J. Exec. Order 163 (July 8, 2020)",34003,22278,1775,0.02,0.014,0.053,0.151,0.762
2020-09-09,1,Yes,Official,"N. J. Exec. Order 163 (July 8, 2020)",34003,22308,1775,0.02,0.014,0.053,0.151,0.762
2020-09-10,1,Yes,Official,"N. J. Exec. Order 163 (July 8, 2020)",34003,22332,1775,0.02,0.014,0.053,0.151,0.762
2020-09-11,1,Yes,Official,"N. J. Exec. Order 163 (July 8, 2020)",34003,22369,1775,0.02,0.014,0.053,0.151,0.762
2020-09-12,1,Yes,Official,"N. J. Exec. Order 163 (July 8, 2020)",34003,22385,1775,0.02,0.014,0.053,0.151,0.762
2020-09-13,1,Yes,Official,"N. J. Exec. Order 163 (July 8, 2020)",34003,22424,1775,0.02,0.014,0.053,0.151,0.762
2020-09-14,1,Yes,Official,"N. J. Exec. Order 163 (July 8, 2020)",34003,22457,1775,0.02,0.014,0.053,0.151,0.762
2020-09-15,1,Yes,Official,"N. J. Exec. Order 163 (July 8, 2020)",34003,22467,1775,0.02,0.014,0.053,0.151,0.762
2020-09-16,1,Yes,Official,"N. J. Exec. Order 163 (July 8, 2020)",34003,22501,1775,0.02,0.014,0.053,0.151,0.762
2020-09-17,1,Yes,Official,"N. J. Exec. Order 163 (July 8, 2020)",34003,22564,1775,0.02,0.014,0.053,0.151,0.762
2020-09-18,1,Yes,Official,"N. J. Exec. Order 163 (July 8, 2020)",34003,22598,1775,0.02,0.014,0.053,0.151,0.762
2020-09-19,1,Yes,Official,"N. J. Exec. Order 163 (July 8, 2020)",34003,22624,1775,0.02,0.014,0.053,0.151,0.762
2020-09-20,1,Yes,Official,"N. J. Exec. Order 163 (July 8, 2020)",34003,22648,1775,0.02,0.014,0.053,0.151,0.762
2020-09-21,1,Yes,Official,"N. J. Exec. Order 163 (July 8, 2020)",34003,22686,1775,0.02,0.014,0.053,0.151,0.762
2020-09-22,1,Yes,Official,"N. J. Exec. Order 163 (July 8, 2020)",34003,22748,1775,0.02,0.014,0.053,0.151,0.762
2020-09-23,1,Yes,Official,"N. J. Exec. Order 163 (July 8, 2020)",34003,22780,1775,0.02,0.014,0.053,0.151,0.762
2020-09-24,1,Yes,Official,"N. J. Exec. Order 163 (July 8, 2020)",34003,22818,1775,0.02,0.014,0.053,0.151,0.762
2020-09-25,1,Yes,Official,"N. J. Exec. Order 163 (July 8, 2020)",34003,22847,1775,0.02,0.014,0.053,0.151,0.762
2020-09-26,1,Yes,Official,"N. J. Exec. Order 163 (July 8, 2020)",34003,22883,1775,0.02,0.014,0.053,0.151,0.762
2020-09-27,1,Yes,Official,"N. J. Exec. Order 163 (July 8, 2020)",34003,22931,1775,0.02,0.014,0.053,0.151,0.762
2020-09-28,1,Yes,Official,"N. J. Exec. Order 163 (July 8, 2020)",34003,22975,1775,0.02,0.014,0.053,0.151,0.762
2020-09-29,1,Yes,Official,"N. J. Exec. Order 163 (July 8, 2020)",34003,23014,1775,0.02,0.014,0.053,0.151,0.762
2020-09-30,1,Yes,Official,"N. J. Exec. Order 163 (July 8, 2020)",34003,23061,1775,0.02,0.014,0.053,0.151,0.762
2020-10-01,1,Yes,Official,"N. J. Exec. Order 163 (July 8, 2020)",34003,23133,1775,0.02,0.014,0.053,0.151,0.762
2020-10-02,1,Yes,Official,"N. J. Exec. Order 163 (July 8, 2020)",34003,23191,1775,0.02,0.014,0.053,0.151,0.762
2020-10-03,1,Yes,Official,"N. J. Exec. Order 163 (July 8, 2020)",34003,23256,1775,0.02,0.014,0.053,0.151,0.762
2020-10-04,1,Yes,Official,"N. J. Exec. Order 163 (July 8, 2020)",34003,23300,1775,0.02,0.014,0.053,0.151,0.762
2020-10-05,1,Yes,Official,"N. J. Exec. Order 163 (July 8, 2020)",34003,23345,1775,0.02,0.014,0.053,0.151,0.762
2020-10-06,1,Yes,Official,"N. J. Exec. Order 163 (July 8, 2020)",34003,23408,1775,0.02,0.014,0.053,0.151,0.762
2020-10-07,1,Yes,Official,"N. J. Exec. Order 163 (July 8, 2020)",34003,23469,1775,0.02,0.014,0.053,0.151,0.762
2020-10-08,1,Yes,Official,"N. J. Exec. Order 163 (July 8, 2020)",34003,23561,1775,0.02,0.014,0.053,0.151,0.762
2020-10-09,1,Yes,Official,"N. J. Exec. Order 163 (July 8, 2020)",34003,23640,1775,0.02,0.014,0.053,0.151,0.762
2020-10-10,1,Yes,Official,"N. J. Exec. Order 163 (July 8, 2020)",34003,23721,1775,0.02,0.014,0.053,0.151,0.762
2020-10-11,1,Yes,Official,"N. J. Exec. Order 163 (July 8, 2020)",34003,23791,1775,0.02,0.014,0.053,0.151,0.762
2020-10-12,1,Yes,Official,"N. J. Exec. Order 163 (July 8, 2020)",34003,23852,1775,0.02,0.014,0.053,0.151,0.762
2020-10-13,1,Yes,Official,"N. J. Exec. Order 163 (July 8, 2020)",34003,23964,1775,0.02,0.014,0.053,0.151,0.762
2020-10-14,1,Yes,Official,"N. J. Exec. Order 163 (July 8, 2020)",34003,24048,1775,0.02,0.014,0.053,0.151,0.762
2020-10-15,1,Yes,Official,"N. J. Exec. Order 163 (July 8, 2020)",34003,24177,1775,0.02,0.014,0.053,0.151,0.762
2020-10-16,1,Yes,Official,"N. J. Exec. Order 163 (July 8, 2020)",34003,24269,1775,0.02,0.014,0.053,0.151,0.762
2020-10-17,1,Yes,Official,"N. J. Exec. Order 163 (July 8, 2020)",34003,24359,1775,0.02,0.014,0.053,0.151,0.762
2020-10-18,1,Yes,Official,"N. J. Exec. Order 163 (July 8, 2020)",34003,24476,1775,0.02,0.014,0.053,0.151,0.762
2020-10-19,1,Yes,Official,"N. J. Exec. Order 163 (July 8, 2020)",34003,24609,1775,0.02,0.014,0.053,0.151,0.762
2020-10-20,1,Yes,Official,"N. J. Exec. Order 163 (July 8, 2020)",34003,24741,1775,0.02,0.014,0.053,0.151,0.762
2020-10-21,1,Yes,Official,"N. J. Exec. Order 163 (July 8, 2020)",34003,24883,1775,0.02,0.014,0.053,0.151,0.762
2020-10-22,1,Yes,Official,"N. J. Exec. Order 163 (July 8, 2020)",34003,25013,1775,0.02,0.014,0.053,0.151,0.762
2020-10-23,1,Yes,Official,"N. J. Exec. Order 163 (July 8, 2020)",34003,25123,1775,0.02,0.014,0.053,0.151,0.762
2020-10-24,1,Yes,Official,"N. J. Exec. Order 163 (July 8, 2020)",34003,25307,1775,0.02,0.014,0.053,0.151,0.762
2020-10-25,1,Yes,Official,"N. J. Exec. Order 163 (July 8, 2020)",34003,25447,1775,0.02,0.014,0.053,0.151,0.762
2020-10-26,1,Yes,Official,"N. J. Exec. Order 163 (July 8, 2020)",34003,25602,1775,0.02,0.014,0.053,0.151,0.762
2020-10-27,1,Yes,Official,"N. J. Exec. Order 163 (July 8, 2020)",34003,25776,1775,0.02,0.014,0.053,0.151,0.762
2020-10-28,1,Yes,Official,"N. J. Exec. Order 163 (July 8, 2020)",34003,25907,1775,0.02,0.014,0.053,0.151,0.762
2020-10-29,1,Yes,Official,"N. J. Exec. Order 163 (July 8, 2020)",34003,26072,1775,0.02,0.014,0.053,0.151,0.762
2020-10-30,1,Yes,Official,"N. J. Exec. Order 163 (July 8, 2020)",34003,26307,1775,0.02,0.014,0.053,0.151,0.762
2020-10-31,1,Yes,Official,"N. J. Exec. Order 163 (July 8, 2020)",34003,26467,1775,0.02,0.014,0.053,0.151,0.762
2020-11-01,1,Yes,Official,"N. J. Exec. Order 163 (July 8, 2020)",34003,26660,1775,0.02,0.014,0.053,0.151,0.762
2020-11-02,1,Yes,Official,"N. J. Exec. Order 163 (July 8, 2020)",34003,26851,1775,0.02,0.014,0.053,0.151,0.762
2020-11-03,1,Yes,Official,"N. J. Exec. Order 163 (July 8, 2020)",34003,27075,1775,0.02,0.014,0.053,0.151,0.762
2020-11-04,1,Yes,Official,"N. J. Exec. Order 163 (July 8, 2020)",34003,27325,1775,0.02,0.014,0.053,0.151,0.762
2020-11-05,1,Yes,Official,"N. J. Exec. Order 163 (July 8, 2020)",34003,27479,1775,0.02,0.014,0.053,0.151,0.762
2020-11-06,1,Yes,Official,"N. J. Exec. Order 163 (July 8, 2020)",34003,27743,1775,0.02,0.014,0.053,0.151,0.762
2020-11-07,1,Yes,Official,"N. J. Exec. Order 163 (July 8, 2020)",34003,28113,1775,0.02,0.014,0.053,0.151,0.762
2020-11-08,1,Yes,Official,"N. J. Exec. Order 163 (July 8, 2020)",34003,28366,1775,0.02,0.014,0.053,0.151,0.762
2020-11-09,1,Yes,Official,"N. J. Exec. Order 163 (July 8, 2020)",34003,28565,1775,0.02,0.014,0.053,0.151,0.762
2020-11-10,1,Yes,Official,"N. J. Exec. Order 163 (July 8, 2020)",34003,28931,1775,0.02,0.014,0.053,0.151,0.762
2020-11-11,1,Yes,Official,"N. J. Exec. Order 163 (July 8, 2020)",34003,29295,1775,0.02,0.014,0.053,0.151,0.762
2020-11-12,1,Yes,Official,"N. J. Exec. Order 163 (July 8, 2020)",34003,29747,1775,0.02,0.014,0.053,0.151,0.762
2020-11-13,1,Yes,Official,"N. J. Exec. Order 163 (July 8, 2020)",34003,30140,1775,0.02,0.014,0.053,0.151,0.762
2020-11-14,1,Yes,Official,"N. J. Exec. Order 163 (July 8, 2020)",34003,30566,1775,0.02,0.014,0.053,0.151,0.762
2020-11-15,1,Yes,Official,"N. J. Exec. Order 163 (July 8, 2020)",34003,31013,1775,0.02,0.014,0.053,0.151,0.762
2020-11-16,1,Yes,Official,"N. J. Exec. Order 163 (July 8, 2020)",34003,31273,1775,0.02,0.014,0.053,0.151,0.762
2020-11-17,1,Yes,Official,"N. J. Exec. Order 163 (July 8, 2020)",34003,31751,1775,0.02,0.014,0.053,0.151,0.762
2020-11-18,1,Yes,Official,"N. J. Exec. Order 163 (July 8, 2020)",34003,32223,1775,0.02,0.014,0.053,0.151,0.762
2020-11-19,1,Yes,Official,"N. J. Exec. Order 163 (July 8, 2020)",34003,32722,1775,0.02,0.014,0.053,0.151,0.762
2020-11-20,1,Yes,Official,"N. J. Exec. Order 163 (July 8, 2020)",34003,33120,1775,0.02,0.014,0.053,0.151,0.762
2020-11-21,1,Yes,Official,"N. J. Exec. Order 163 (July 8, 2020)",34003,33599,1775,0.02,0.014,0.053,0.151,0.762
2020-11-22,1,Yes,Official,"N. J. Exec. Order 163 (July 8, 2020)",34003,34049,1775,0.02,0.014,0.053,0.151,0.762
2020-11-23,1,Yes,Official,"N. J. Exec. Order 163 (July 8, 2020)",34003,34496,1775,0.02,0.014,0.053,0.151,0.762
2020-11-24,1,Yes,Official,"N. J. Exec. Order 163 (July 8, 2020)",34003,34913,1775,0.02,0.014,0.053,0.151,0.762
2020-11-25,1,Yes,Official,"N. J. Exec. Order 163 (July 8, 2020)",34003,35313,1775,0.02,0.014,0.053,0.151,0.762
2020-11-26,1,Yes,Official,"N. J. Exec. Order 163 (July 8, 2020)",34003,35769,1775,0.02,0.014,0.053,0.151,0.762
2020-11-27,1,Yes,Official,"N. J. Exec. Order 163 (July 8, 2020)",34003,36374,1775,0.02,0.014,0.053,0.151,0.762
2020-11-28,1,Yes,Official,"N. J. Exec. Order 163 (July 8, 2020)",34003,36626,1775,0.02,0.014,0.053,0.151,0.762
2020-11-29,1,Yes,Official,"N. J. Exec. Order 163 (July 8, 2020)",34003,37190,1775,0.02,0.014,0.053,0.151,0.762
2020-11-30,1,Yes,Official,"N. J. Exec. Order 163 (July 8, 2020)",34003,37566,1775,0.02,0.014,0.053,0.151,0.762
2020-12-01,1,Yes,Official,"N. J. Exec. Order 163 (July 8, 2020)",34003,38119,1775,0.02,0.014,0.053,0.151,0.762
2020-12-02,1,Yes,Official,"N. J. Exec. Order 163 (July 8, 2020)",34003,38589,1775,0.02,0.014,0.053,0.151,0.762
2020-12-03,1,Yes,Official,"N. J. Exec. Order 163 (July 8, 2020)",34003,39176,1775,0.02,0.014,0.053,0.151,0.762
2020-12-04,1,Yes,Official,"N. J. Exec. Order 163 (July 8, 2020)",34003,39855,1775,0.02,0.014,0.053,0.151,0.762
2020-12-05,1,Yes,Official,"N. J. Exec. Order 163 (July 8, 2020)",34003,40454,1775,0.02,0.014,0.053,0.151,0.762
2020-12-06,1,Yes,Official,"N. J. Exec. Order 163 (July 8, 2020)",34003,41057,1775,0.02,0.014,0.053,0.151,0.762
2020-12-07,1,Yes,Official,"N. J. Exec. Order 163 (July 8, 2020)",34003,41488,1775,0.02,0.014,0.053,0.151,0.762
2020-12-08,1,Yes,Official,"N. J. Exec. Order 163 (July 8, 2020)",34003,41936,1775,0.02,0.014,0.053,0.151,0.762
2020-12-09,1,Yes,Official,"N. J. Exec. Order 163 (July 8, 2020)",34003,42304,1775,0.02,0.014,0.053,0.151,0.762
2020-12-10,1,Yes,Official,"N. J. Exec. Order 163 (July 8, 2020)",34003,42830,1775,0.02,0.014,0.053,0.151,0.762
2020-12-11,1,Yes,Official,"N. J. Exec. Order 163 (July 8, 2020)",34003,43183,1775,0.02,0.014,0.053,0.151,0.762
2020-12-12,1,Yes,Official,"N. J. Exec. Order 163 (July 8, 2020)",34003,43756,1775,0.02,0.014,0.053,0.151,0.762
2020-12-13,1,Yes,Official,"N. J. Exec. Order 163 (July 8, 2020)",34003,44174,1775,0.02,0.014,0.053,0.151,0.762
2020-12-14,1,Yes,Official,"N. J. Exec. Order 163 (July 8, 2020)",34003,44644,1775,0.02,0.014,0.053,0.151,0.762
2020-12-15,1,Yes,Official,"N. J. Exec. Order 163 (July 8, 2020)",34003,45042,1775,0.02,0.014,0.053,0.151,0.762
2020-12-16,1,Yes,Official,"N. J. Exec. Order 163 (July 8, 2020)",34003,45542,1775,0.02,0.014,0.053,0.151,0.762
2020-12-17,1,Yes,Official,"N. J. Exec. Order 163 (July 8, 2020)",34003,45945,1775,0.02,0.014,0.053,0.151,0.762
2020-12-18,1,Yes,Official,"N. J. Exec. Order 163 (July 8, 2020)",34003,46404,1775,0.02,0.014,0.053,0.151,0.762
2020-12-19,1,Yes,Official,"N. J. Exec. Order 163 (July 8, 2020)",34003,46822,1775,0.02,0.014,0.053,0.151,0.762
2020-12-20,1,Yes,Official,"N. J. Exec. Order 163 (July 8, 2020)",34003,47246,1775,0.02,0.014,0.053,0.151,0.762
2020-12-21,1,Yes,Official,"N. J. Exec. Order 163 (July 8, 2020)",34003,47572,1775,0.02,0.014,0.053,0.151,0.762
2020-12-22,1,Yes,Official,"N. J. Exec. Order 163 (July 8, 2020)",34003,47998,1775,0.02,0.014,0.053,0.151,0.762
2020-12-23,1,Yes,Official,"N. J. Exec. Order 163 (July 8, 2020)",34003,48530,1775,0.02,0.014,0.053,0.151,0.762
2020-12-24,1,Yes,Official,"N. J. Exec. Order 163 (July 8, 2020)",34003,49033,1775,0.02,0.014,0.053,0.151,0.762
2020-12-25,1,Yes,Official,"N. J. Exec. Order 163 (July 8, 2020)",34003,49507,1775,0.02,0.014,0.053,0.151,0.762
2020-12-26,1,Yes,Official,"N. J. Exec. Order 163 (July 8, 2020)",34003,49861,1775,0.02,0.014,0.053,0.151,0.762
2020-12-27,1,Yes,Official,"N. J. Exec. Order 163 (July 8, 2020)",34003,50131,1775,0.02,0.014,0.053,0.151,0.762
2020-12-28,1,Yes,Official,"N. J. Exec. Order 163 (July 8, 2020)",34003,50477,1775,0.02,0.014,0.053,0.151,0.762
2020-12-29,1,Yes,Official,"N. J. Exec. Order 163 (July 8, 2020)",34003,50873,1775,0.02,0.014,0.053,0.151,0.762
2020-12-30,1,Yes,Official,"N. J. Exec. Order 163 (July 8, 2020)",34003,51370,1775,0.02,0.014,0.053,0.151,0.762
2020-12-31,1,Yes,Official,"N. J. Exec. Order 163 (July 8, 2020)",34003,51958,1775,0.02,0.014,0.053,0.151,0.762
2021-01-01,1,Yes,Official,"N. J. Exec. Order 163 (July 8, 2020)",34003,52473,1775,0.02,0.014,0.053,0.151,0.762
2021-01-02,1,Yes,Official,"N. J. Exec. Order 163 (July 8, 2020)",34003,52958,1775,0.02,0.014,0.053,0.151,0.762
2021-01-03,1,Yes,Official,"N. J. Exec. Order 163 (July 8, 2020)",34003,53316,1775,0.02,0.014,0.053,0.151,0.762
2021-01-04,1,Yes,Official,"N. J. Exec. Order 163 (July 8, 2020)",34003,53605,1775,0.02,0.014,0.053,0.151,0.762
2021-01-05,1,Yes,Official,"N. J. Exec. Order 163 (July 8, 2020)",34003,54137,1775,0.02,0.014,0.053,0.151,0.762
2021-01-06,1,Yes,Official,"N. J. Exec. Order 163 (July 8, 2020)",34003,54754,1775,0.02,0.014,0.053,0.151,0.762
2021-01-07,1,Yes,Official,"N. J. Exec. Order 163 (July 8, 2020)",34003,55352,1775,0.02,0.014,0.053,0.151,0.762
2021-01-08,1,Yes,Official,"N. J. Exec. Order 163 (July 8, 2020)",34003,55861,1775,0.02,0.014,0.053,0.151,0.762
2021-01-09,1,Yes,Official,"N. J. Exec. Order 163 (July 8, 2020)",34003,56390,1775,0.02,0.014,0.053,0.151,0.762
2021-01-10,1,Yes,Official,"N. J. Exec. Order 163 (July 8, 2020)",34003,56890,1775,0.02,0.014,0.053,0.151,0.762
2021-01-11,1,Yes,Official,"N. J. Exec. Order 163 (July 8, 2020)",34003,57259,1775,0.02,0.014,0.053,0.151,0.762
2021-01-12,1,Yes,Official,"N. J. Exec. Order 163 (July 8, 2020)",34003,57609,1775,0.02,0.014,0.053,0.151,0.762
2021-01-13,1,Yes,Official,"N. J. Exec. Order 163 (July 8, 2020)",34003,58354,1775,0.02,0.014,0.053,0.151,0.762
2021-01-14,1,Yes,Official,"N. J. Exec. Order 163 (July 8, 2020)",34003,59102,1775,0.02,0.014,0.053,0.151,0.762
2021-01-15,1,Yes,Official,"N. J. Exec. Order 163 (July 8, 2020)",34003,59684,1775,0.02,0.014,0.053,0.151,0.762
2021-01-16,1,Yes,Official,"N. J. Exec. Order 163 (July 8, 2020)",34003,60224,1775,0.02,0.014,0.053,0.151,0.762
2021-01-17,1,Yes,Official,"N. J. Exec. Order 163 (July 8, 2020)",34003,60704,1775,0.02,0.014,0.053,0.151,0.762
2021-01-18,1,Yes,Official,"N. J. Exec. Order 163 (July 8, 2020)",34003,60985,1775,0.02,0.014,0.053,0.151,0.762
2021-01-19,1,Yes,Official,"N. J. Exec. Order 163 (July 8, 2020)",34003,61469,1775,0.02,0.014,0.053,0.151,0.762
2021-01-20,1,Yes,Official,"N. J. Exec. Order 163 (July 8, 2020)",34003,62042,1775,0.02,0.014,0.053,0.151,0.762
2021-01-21,1,Yes,Official,"N. J. Exec. Order 163 (July 8, 2020)",34003,62551,1775,0.02,0.014,0.053,0.151,0.762
2021-01-22,1,Yes,Official,"N. J. Exec. Order 163 (July 8, 2020)",34003,62908,1775,0.02,0.014,0.053,0.151,0.762
2021-01-23,1,Yes,Official,"N. J. Exec. Order 163 (July 8, 2020)",34003,63563,1775,0.02,0.014,0.053,0.151,0.762
2021-01-24,1,Yes,Official,"N. J. Exec. Order 163 (July 8, 2020)",34003,64044,1775,0.02,0.014,0.053,0.151,0.762
2021-01-25,1,Yes,Official,"N. J. Exec. Order 163 (July 8, 2020)",34003,64390,1775,0.02,0.014,0.053,0.151,0.762
2021-01-26,1,Yes,Official,"N. J. Exec. Order 163 (July 8, 2020)",34003,64848,1775,0.02,0.014,0.053,0.151,0.762
2021-01-27,1,Yes,Official,"N. J. Exec. Order 163 (July 8, 2020)",34003,65338,1775,0.02,0.014,0.053,0.151,0.762
2021-01-28,1,Yes,Official,"N. J. Exec. Order 163 (July 8, 2020)",34003,65850,1775,0.02,0.014,0.053,0.151,0.762
2021-01-29,1,Yes,Official,"N. J. Exec. Order 163 (July 8, 2020)",34003,66318,1775,0.02,0.014,0.053,0.151,0.762
2021-01-30,1,Yes,Official,"N. J. Exec. Order 163 (July 8, 2020)",34003,66836,1775,0.02,0.014,0.053,0.151,0.762
2021-01-31,1,Yes,Official,"N. J. Exec. Order 163 (July 8, 2020)",34003,67253,1775,0.02,0.014,0.053,0.151,0.762
2021-02-01,1,Yes,Official,"N. J. Exec. Order 163 (July 8, 2020)",34003,67609,1775,0.02,0.014,0.053,0.151,0.762
2021-02-02,1,Yes,Official,"N. J. Exec. Order 163 (July 8, 2020)",34003,67912,1775,0.02,0.014,0.053,0.151,0.762
2021-02-03,1,Yes,Official,"N. J. Exec. Order 163 (July 8, 2020)",34003,68134,1775,0.02,0.014,0.053,0.151,0.762
2021-02-04,1,Yes,Official,"N. J. Exec. Order 163 (July 8, 2020)",34003,68542,1775,0.02,0.014,0.053,0.151,0.762
2021-02-05,1,Yes,Official,"N. J. Exec. Order 163 (July 8, 2020)",34003,69047,1775,0.02,0.014,0.053,0.151,0.762
2021-02-06,1,Yes,Official,"N. J. Exec. Order 163 (July 8, 2020)",34003,69523,1775,0.02,0.014,0.053,0.151,0.762
2021-02-07,1,Yes,Official,"N. J. Exec. Order 163 (July 8, 2020)",34003,69951,1775,0.02,0.014,0.053,0.151,0.762
2021-02-08,1,Yes,Official,"N. J. Exec. Order 163 (July 8, 2020)",34003,70209,1775,0.02,0.014,0.053,0.151,0.762
2021-02-09,1,Yes,Official,"N. J. Exec. Order 163 (July 8, 2020)",34003,70526,1775,0.02,0.014,0.053,0.151,0.762
2021-02-10,1,Yes,Official,"N. J. Exec. Order 163 (July 8, 2020)",34003,70978,1775,0.02,0.014,0.053,0.151,0.762
2021-02-11,1,Yes,Official,"N. J. Exec. Order 163 (July 8, 2020)",34003,71373,1775,0.02,0.014,0.053,0.151,0.762
2021-02-12,1,Yes,Official,"N. J. Exec. Order 163 (July 8, 2020)",34003,71752,1775,0.02,0.014,0.053,0.151,0.762
2021-02-13,1,Yes,Official,"N. J. Exec. Order 163 (July 8, 2020)",34003,72165,1775,0.02,0.014,0.053,0.151,0.762
2021-02-14,1,Yes,Official,"N. J. Exec. Order 163 (July 8, 2020)",34003,72420,1775,0.02,0.014,0.053,0.151,0.762
2021-02-15,1,Yes,Official,"N. J. Exec. Order 163 (July 8, 2020)",34003,72567,1775,0.02,0.014,0.053,0.151,0.762
2021-02-16,1,Yes,Official,"N. J. Exec. Order 163 (July 8, 2020)",34003,73077,1775,0.02,0.014,0.053,0.151,0.762
2021-02-17,1,Yes,Official,"N. J. Exec. Order 163 (July 8, 2020)",34003,73454,1775,0.02,0.014,0.053,0.151,0.762
2021-02-18,1,Yes,Official,"N. J. Exec. Order 163 (July 8, 2020)",34003,73819,1775,0.02,0.014,0.053,0.151,0.762
2021-02-19,1,Yes,Official,"N. J. Exec. Order 163 (July 8, 2020)",34003,74126,1775,0.02,0.014,0.053,0.151,0.762
2021-02-20,1,Yes,Official,"N. J. Exec. Order 163 (July 8, 2020)",34003,74471,1775,0.02,0.014,0.053,0.151,0.762
2021-02-21,1,Yes,Official,"N. J. Exec. Order 163 (July 8, 2020)",34003,74689,1775,0.02,0.014,0.053,0.151,0.762
2021-02-22,1,Yes,Official,"N. J. Exec. Order 163 (July 8, 2020)",34003,75062,1775,0.02,0.014,0.053,0.151,0.762
2021-02-23,1,Yes,Official,"N. J. Exec. Order 163 (July 8, 2020)",34003,75478,1775,0.02,0.014,0.053,0.151,0.762
2021-02-24,1,Yes,Official,"N. J. Exec. Order 163 (July 8, 2020)",34003,75860,1775,0.02,0.014,0.053,0.151,0.762
2021-02-25,1,Yes,Official,"N. J. Exec. Order 163 (July 8, 2020)",34003,76339,1775,0.02,0.014,0.053,0.151,0.762
2021-02-26,1,Yes,Official,"N. J. Exec. Order 163 (July 8, 2020)",34003,76862,1775,0.02,0.014,0.053,0.151,0.762
2021-02-27,1,Yes,Official,"N. J. Exec. Order 163 (July 8, 2020)",34003,77290,1775,0.02,0.014,0.053,0.151,0.762
2021-02-28,1,Yes,Official,"N. J. Exec. Order 163 (July 8, 2020)",34003,77537,1775,0.02,0.014,0.053,0.151,0.762
2021-03-01,1,Yes,Official,"N. J. Exec. Order 163 (July 8, 2020)",34003,78040,1775,0.02,0.014,0.053,0.151,0.762
2021-03-02,1,Yes,Official,"N. J. Exec. Order 163 (July 8, 2020)",34003,78445,1775,0.02,0.014,0.053,0.151,0.762
2021-03-03,1,Yes,Official,"N. J. Exec. Order 163 (July 8, 2020)",34003,78951,1775,0.02,0.014,0.053,0.151,0.762
2021-03-04,1,Yes,Official,"N. J. Exec. Order 163 (July 8, 2020)",34003,79332,1775,0.02,0.014,0.053,0.151,0.762
2021-03-05,1,Yes,Official,"N. J. Exec. Order 163 (July 8, 2020)",34003,79796,1775,0.02,0.014,0.053,0.151,0.762
2021-03-06,1,Yes,Official,"N. J. Exec. Order 163 (July 8, 2020)",34003,80008,1775,0.02,0.014,0.053,0.151,0.762
2021-03-07,1,Yes,Official,"N. J. Exec. Order 163 (July 8, 2020)",34003,80339,1775,0.02,0.014,0.053,0.151,0.762
2021-03-08,1,Yes,Official,"N. J. Exec. Order 163 (July 8, 2020)",34003,80605,1775,0.02,0.014,0.053,0.151,0.762
2021-03-09,1,Yes,Official,"N. J. Exec. Order 163 (July 8, 2020)",34003,81125,1775,0.02,0.014,0.053,0.151,0.762
2021-03-10,1,Yes,Official,"N. J. Exec. Order 163 (July 8, 2020)",34003,81535,1775,0.02,0.014,0.053,0.151,0.762
2021-03-11,1,Yes,Official,"N. J. Exec. Order 163 (July 8, 2020)",34003,82037,1775,0.02,0.014,0.053,0.151,0.762
2021-03-12,1,Yes,Official,"N. J. Exec. Order 163 (July 8, 2020)",34003,82488,1775,0.02,0.014,0.053,0.151,0.762
2021-03-13,1,Yes,Official,"N. J. Exec. Order 163 (July 8, 2020)",34003,82880,1775,0.02,0.014,0.053,0.151,0.762
2021-03-14,1,Yes,Official,"N. J. Exec. Order 163 (July 8, 2020)",34003,83263,1775,0.02,0.014,0.053,0.151,0.762
2021-03-15,1,Yes,Official,"N. J. Exec. Order 163 (July 8, 2020)",34003,83594,1775,0.02,0.014,0.053,0.151,0.762
2021-03-16,1,Yes,Official,"N. J. Exec. Order 163 (July 8, 2020)",34003,84076,1775,0.02,0.014,0.053,0.151,0.762
2021-03-17,1,Yes,Official,"N. J. Exec. Order 163 (July 8, 2020)",34003,84573,1775,0.02,0.014,0.053,0.151,0.762
2021-03-18,1,Yes,Official,"N. J. Exec. Order 163 (July 8, 2020)",34003,85044,1775,0.02,0.014,0.053,0.151,0.762
2021-03-19,1,Yes,Official,"N. J. Exec. Order 163 (July 8, 2020)",34003,85586,1775,0.02,0.014,0.053,0.151,0.762
2021-03-20,1,Yes,Official,"N. J. Exec. Order 163 (July 8, 2020)",34003,86106,1775,0.02,0.014,0.053,0.151,0.762
2021-03-21,1,Yes,Official,"N. J. Exec. Order 163 (July 8, 2020)",34003,86467,1775,0.02,0.014,0.053,0.151,0.762
2021-03-22,1,Yes,Official,"N. J. Exec. Order 163 (July 8, 2020)",34003,86830,1775,0.02,0.014,0.053,0.151,0.762
2021-03-23,1,Yes,Official,"N. J. Exec. Order 163 (July 8, 2020)",34003,87348,1775,0.02,0.014,0.053,0.151,0.762
2021-03-24,1,Yes,Official,"N. J. Exec. Order 163 (July 8, 2020)",34003,87799,1775,0.02,0.014,0.053,0.151,0.762
2021-03-25,1,Yes,Official,"N. J. Exec. Order 163 (July 8, 2020)",34003,88162,1775,0.02,0.014,0.053,0.151,0.762
2021-03-26,1,Yes,Official,"N. J. Exec. Order 163 (July 8, 2020)",34003,88904,1775,0.02,0.014,0.053,0.151,0.762
2021-03-27,1,Yes,Official,"N. J. Exec. Order 163 (July 8, 2020)",34003,89471,1775,0.02,0.014,0.053,0.151,0.762
2021-03-28,1,Yes,Official,"N. J. Exec. Order 163 (July 8, 2020)",34003,90006,1775,0.02,0.014,0.053,0.151,0.762
2021-03-29,1,Yes,Official,"N. J. Exec. Order 163 (July 8, 2020)",34003,90376,1775,0.02,0.014,0.053,0.151,0.762
2021-03-30,1,Yes,Official,"N. J. Exec. Order 163 (July 8, 2020)",34003,90918,1775,0.02,0.014,0.053,0.151,0.762
2021-03-31,1,Yes,Official,"N. J. Exec. Order 163 (July 8, 2020)",34003,91488,1775,0.02,0.014,0.053,0.151,0.762
2021-04-01,1,Yes,Official,"N. J. Exec. Order 163 (July 8, 2020)",34003,92021,1775,0.02,0.014,0.053,0.151,0.762
2021-04-02,1,Yes,Official,"N. J. Exec. Order 163 (July 8, 2020)",34003,92547,1775,0.02,0.014,0.053,0.151,0.762
2021-04-03,1,Yes,Official,"N. J. Exec. Order 163 (July 8, 2020)",34003,93058,1775,0.02,0.014,0.053,0.151,0.762
2021-04-04,1,Yes,Official,"N. J. Exec. Order 163 (July 8, 2020)",34003,93426,1775,0.02,0.014,0.053,0.151,0.762
2021-04-05,1,Yes,Official,"N. J. Exec. Order 163 (July 8, 2020)",34003,93767,1775,0.02,0.014,0.053,0.151,0.762
2021-04-06,1,Yes,Official,"N. J. Exec. Order 163 (July 8, 2020)",34003,94130,1775,0.02,0.014,0.053,0.151,0.762
2021-04-07,1,Yes,Official,"N. J. Exec. Order 163 (July 8, 2020)",34003,94657,1775,0.02,0.014,0.053,0.151,0.762
2021-04-08,1,Yes,Official,"N. J. Exec. Order 163 (July 8, 2020)",34003,95067,1775,0.02,0.014,0.053,0.151,0.762
2021-04-09,1,Yes,Official,"N. J. Exec. Order 163 (July 8, 2020)",34003,95466,1775,0.02,0.014,0.053,0.151,0.762
2021-04-10,1,Yes,Official,"N. J. Exec. Order 163 (July 8, 2020)",34003,95842,1775,0.02,0.014,0.053,0.151,0.762
2021-04-11,1,Yes,Official,"N. J. Exec. Order 163 (July 8, 2020)",34003,96164,1775,0.02,0.014,0.053,0.151,0.762
2021-04-12,1,Yes,Official,"N. J. Exec. Order 163 (July 8, 2020)",34003,96411,1775,0.02,0.014,0.053,0.151,0.762
2021-04-13,1,Yes,Official,"N. J. Exec. Order 163 (July 8, 2020)",34003,96748,1775,0.02,0.014,0.053,0.151,0.762
2021-04-14,1,Yes,Official,"N. J. Exec. Order 163 (July 8, 2020)",34003,97118,1775,0.02,0.014,0.053,0.151,0.762
2021-04-15,1,Yes,Official,"N. J. Exec. Order 163 (July 8, 2020)",34003,97483,1775,0.02,0.014,0.053,0.151,0.762
2021-04-16,1,Yes,Official,"N. J. Exec. Order 163 (July 8, 2020)",34003,97885,1775,0.02,0.014,0.053,0.151,0.762
2021-04-17,1,Yes,Official,"N. J. Exec. Order 163 (July 8, 2020)",34003,98258,1775,0.02,0.014,0.053,0.151,0.762
2021-04-18,1,Yes,Official,"N. J. Exec. Order 163 (July 8, 2020)",34003,98483,1775,0.02,0.014,0.053,0.151,0.762
2021-04-19,1,Yes,Official,"N. J. Exec. Order 163 (July 8, 2020)",34003,98660,1775,0.02,0.014,0.053,0.151,0.762
2021-04-20,1,Yes,Official,"N. J. Exec. Order 163 (July 8, 2020)",34003,98913,1775,0.02,0.014,0.053,0.151,0.762
2021-04-21,1,Yes,Official,"N. J. Exec. Order 163 (July 8, 2020)",34003,99235,1775,0.02,0.014,0.053,0.151,0.762
2021-04-22,1,Yes,Official,"N. J. Exec. Order 163 (July 8, 2020)",34003,99542,1775,0.02,0.014,0.053,0.151,0.762
2021-04-23,1,Yes,Official,"N. J. Exec. Order 163 (July 8, 2020)",34003,99780,1775,0.02,0.014,0.053,0.151,0.762
2021-04-24,1,Yes,Official,"N. J. Exec. Order 163 (July 8, 2020)",34003,100060,1775,0.02,0.014,0.053,0.151,0.762
2021-04-25,1,Yes,Official,"N. J. Exec. Order 163 (July 8, 2020)",34003,100210,1775,0.02,0.014,0.053,0.151,0.762
2021-04-26,1,Yes,Official,"N. J. Exec. Order 163 (July 8, 2020)",34003,100215,1775,0.02,0.014,0.053,0.151,0.762
2021-04-27,1,Yes,Official,"N. J. Exec. Order 163 (July 8, 2020)",34003,100407,1775,0.02,0.014,0.053,0.151,0.762
2021-04-28,1,Yes,Official,"N. J. Exec. Order 163 (July 8, 2020)",34003,100594,1775,0.02,0.014,0.053,0.151,0.762
2021-04-29,1,Yes,Official,"N. J. Exec. Order 163 (July 8, 2020)",34003,100826,1775,0.02,0.014,0.053,0.151,0.762
2021-04-30,1,Yes,Official,"N. J. Exec. Order 163 (July 8, 2020)",34003,100988,1775,0.02,0.014,0.053,0.151,0.762
2021-05-01,1,Yes,Official,"N. J. Exec. Order 163 (July 8, 2020)",34003,101120,1775,0.02,0.014,0.053,0.151,0.762
2021-05-02,1,Yes,Official,"N. J. Exec. Order 163 (July 8, 2020)",34003,101198,1775,0.02,0.014,0.053,0.151,0.762
2021-05-03,1,Yes,Official,"N. J. Exec. Order 163 (July 8, 2020)",34003,101287,1775,0.02,0.014,0.053,0.151,0.762
2021-05-04,1,Yes,Official,"N. J. Exec. Order 163 (July 8, 2020)",34003,101383,1775,0.02,0.014,0.053,0.151,0.762
2021-05-05,1,Yes,Official,"N. J. Exec. Order 163 (July 8, 2020)",34003,102678,1775,0.02,0.014,0.053,0.151,0.762
2021-05-06,1,Yes,Official,"N. J. Exec. Order 163 (July 8, 2020)",34003,103082,1775,0.02,0.014,0.053,0.151,0.762
2021-05-07,1,Yes,Official,"N. J. Exec. Order 163 (July 8, 2020)",34003,103164,1775,0.02,0.014,0.053,0.151,0.762
2021-05-08,1,Yes,Official,"N. J. Exec. Order 163 (July 8, 2020)",34003,103253,1775,0.02,0.014,0.053,0.151,0.762
2021-05-09,1,Yes,Official,"N. J. Exec. Order 163 (July 8, 2020)",34003,103314,1775,0.02,0.014,0.053,0.151,0.762
2021-05-10,1,Yes,Official,"N. J. Exec. Order 163 (July 8, 2020)",34003,103352,1775,0.02,0.014,0.053,0.151,0.762
2021-05-11,1,Yes,Official,"N. J. Exec. Order 163 (July 8, 2020)",34003,103408,1775,0.02,0.014,0.053,0.151,0.762
2021-05-12,1,Yes,Official,"N. J. Exec. Order 163 (July 8, 2020)",34003,103494,1775,0.02,0.014,0.053,0.151,0.762
2021-05-13,1,Yes,Official,"N. J. Exec. Order 163 (July 8, 2020)",34003,103542,1775,0.02,0.014,0.053,0.151,0.762
2021-05-14,1,Yes,Official,"N. J. Exec. Order 163 (July 8, 2020)",34003,103613,1775,0.02,0.014,0.053,0.151,0.762
2021-05-15,1,Yes,Official,"N. J. Exec. Order 163 (July 8, 2020)",34003,103703,1775,0.02,0.014,0.053,0.151,0.762
2021-05-16,1,Yes,Official,"N. J. Exec. Order 163 (July 8, 2020)",34003,103752,1775,0.02,0.014,0.053,0.151,0.762
2021-05-17,1,Yes,Official,"N.J. Exec. Order No. 241 (May 17, 2021)",34003,103797,1775,0.02,0.014,0.053,0.151,0.762
2021-05-18,1,Yes,Official,"N.J. Exec. Order No. 241 (May 17, 2021)",34003,103831,1775,0.02,0.014,0.053,0.151,0.762
2021-05-19,1,Yes,Official,"N.J. Exec. Order No. 241 (May 17, 2021)",34003,103872,1775,0.02,0.014,0.053,0.151,0.762
2021-05-20,1,Yes,Official,"N.J. Exec. Order No. 241 (May 17, 2021)",34003,103898,1775,0.02,0.014,0.053,0.151,0.762
2021-05-21,1,Yes,Official,"N.J. Exec. Order No. 241 (May 17, 2021)",34003,103965,1775,0.02,0.014,0.053,0.151,0.762
2021-05-22,1,Yes,Official,"N.J. Exec. Order No. 241 (May 17, 2021)",34003,103993,1775,0.02,0.014,0.053,0.151,0.762
2021-05-23,1,Yes,Official,"N.J. Exec. Order No. 241 (May 17, 2021)",34003,104022,1775,0.02,0.014,0.053,0.151,0.762
2021-05-24,1,Yes,Official,"N.J. Exec. Order No. 241 (May 17, 2021)",34003,104054,1775,0.02,0.014,0.053,0.151,0.762
2021-05-25,1,Yes,Official,"N.J. Exec. Order No. 241 (May 17, 2021)",34003,104101,1775,0.02,0.014,0.053,0.151,0.762
2021-05-26,1,Yes,Official,"N.J. Exec. Order No. 241 (May 17, 2021)",34003,104142,1775,0.02,0.014,0.053,0.151,0.762
2021-05-27,1,Yes,Official,"N.J. Exec. Order No. 241 (May 17, 2021)",34003,104177,1775,0.02,0.014,0.053,0.151,0.762
2021-05-28,2,Yes,Official,"N.J. Exec. Order No. 242 (May 24, 2021)",34003,104206,1775,0.02,0.014,0.053,0.151,0.762
2021-05-29,2,Yes,Official,"N.J. Exec. Order No. 242 (May 24, 2021)",34003,104225,1775,0.02,0.014,0.053,0.151,0.762
2021-05-30,2,Yes,Official,"N.J. Exec. Order No. 242 (May 24, 2021)",34003,104237,1775,0.02,0.014,0.053,0.151,0.762
2021-05-31,2,Yes,Official,"N.J. Exec. Order No. 242 (May 24, 2021)",34003,104255,1775,0.02,0.014,0.053,0.151,0.762
2021-06-01,2,Yes,Official,"N.J. Exec. Order No. 242 (May 24, 2021)",34003,104270,1775,0.02,0.014,0.053,0.151,0.762
2021-06-02,2,Yes,Official,"N.J. Exec. Order No. 242 (May 24, 2021)",34003,104287,1775,0.02,0.014,0.053,0.151,0.762
2021-06-03,2,Yes,Official,"N.J. Exec. Order No. 242 (May 24, 2021)",34003,104301,1775,0.02,0.014,0.053,0.151,0.762
2021-06-04,2,Yes,Official,"N.J. Exec. Order No. 242 (May 24, 2021)",34003,104315,1775,0.02,0.014,0.053,0.151,0.762
2021-06-05,2,Yes,Official,"N.J. Exec. Order No. 242 (May 24, 2021)",34003,104369,1775,0.02,0.014,0.053,0.151,0.762
2021-06-06,2,Yes,Official,"N.J. Exec. Order No. 242 (May 24, 2021)",34003,104391,1775,0.02,0.014,0.053,0.151,0.762
2021-06-07,2,Yes,Official,"N.J. Exec. Order No. 242 (May 24, 2021)",34003,104409,1775,0.02,0.014,0.053,0.151,0.762
2021-06-08,2,Yes,Official,"N.J. Exec. Order No. 242 (May 24, 2021)",34003,104427,1775,0.02,0.014,0.053,0.151,0.762
2021-06-09,2,Yes,Official,"N.J. Exec. Order No. 242 (May 24, 2021)",34003,104449,1775,0.02,0.014,0.053,0.151,0.762
2021-06-10,2,Yes,Official,"N.J. Exec. Order No. 242 (May 24, 2021)",34003,104476,1775,0.02,0.014,0.053,0.151,0.762
2021-06-11,2,Yes,Official,"N.J. Exec. Order No. 242 (May 24, 2021)",34003,104508,1775,0.02,0.014,0.053,0.151,0.762
2021-06-12,2,Yes,Official,"N.J. Exec. Order No. 242 (May 24, 2021)",34003,104508,1775,0.02,0.014,0.053,0.151,0.762
2021-06-13,2,Yes,Official,"N.J. Exec. Order No. 242 (May 24, 2021)",34003,104553,1775,0.02,0.014,0.053,0.151,0.762
2021-06-14,2,Yes,Official,"N.J. Exec. Order No. 242 (May 24, 2021)",34003,104574,1775,0.02,0.014,0.053,0.151,0.762
2021-06-15,2,Yes,Official,"N.J. Exec. Order No. 242 (May 24, 2021)",34003,104610,1775,0.02,0.014,0.053,0.151,0.762
2021-06-16,2,Yes,Official,"N.J. Exec. Order No. 242 (May 24, 2021)",34003,104634,1775,0.02,0.014,0.053,0.151,0.762
2021-06-17,2,Yes,Official,"N.J. Exec. Order No. 242 (May 24, 2021)",34003,104653,1775,0.02,0.014,0.053,0.151,0.762
2021-06-18,2,Yes,Official,"N.J. Exec. Order No. 242 (May 24, 2021)",34003,104680,1775,0.02,0.014,0.053,0.151,0.762
2021-06-19,2,Yes,Official,"N.J. Exec. Order No. 242 (May 24, 2021)",34003,104694,1775,0.02,0.014,0.053,0.151,0.762
2021-06-20,2,Yes,Official,"N.J. Exec. Order No. 242 (May 24, 2021)",34003,104711,1775,0.02,0.014,0.053,0.151,0.762
2021-06-21,2,Yes,Official,"N.J. Exec. Order No. 242 (May 24, 2021)",34003,104720,1775,0.02,0.014,0.053,0.151,0.762
2021-06-22,2,Yes,Official,"N.J. Exec. Order No. 242 (May 24, 2021)",34003,104751,1775,0.02,0.014,0.053,0.151,0.762
2021-06-23,2,Yes,Official,"N.J. Exec. Order No. 242 (May 24, 2021)",34003,104791,1775,0.02,0.014,0.053,0.151,0.762
2021-06-24,2,Yes,Official,"N.J. Exec. Order No. 242 (May 24, 2021)",34003,104835,1775,0.02,0.014,0.053,0.151,0.762
2021-06-25,2,Yes,Official,"N.J. Exec. Order No. 242 (May 24, 2021)",34003,104860,1775,0.02,0.014,0.053,0.151,0.762
2021-06-26,2,Yes,Official,"N.J. Exec. Order No. 242 (May 24, 2021)",34003,104885,1775,0.02,0.014,0.053,0.151,0.762
2021-06-27,2,Yes,Official,"N.J. Exec. Order No. 242 (May 24, 2021)",34003,104908,1775,0.02,0.014,0.053,0.151,0.762
2021-06-28,2,Yes,Official,"N.J. Exec. Order No. 242 (May 24, 2021)",34003,104921,1775,0.02,0.014,0.053,0.151,0.762
2021-06-29,2,Yes,Official,"N.J. Exec. Order No. 242 (May 24, 2021)",34003,104955,1775,0.02,0.014,0.053,0.151,0.762
2021-06-30,2,Yes,Official,"N.J. Exec. Order No. 242 (May 24, 2021)",34003,104996,1775,0.02,0.014,0.053,0.151,0.762
2021-07-01,2,Yes,Official,"N.J. Exec. Order No. 242 (May 24, 2021)",34003,105028,1775,0.02,0.014,0.053,0.151,0.762
2021-07-02,2,Yes,Official,"N.J. Exec. Order No. 242 (May 24, 2021)",34003,105056,1775,0.02,0.014,0.053,0.151,0.762
2021-07-03,2,Yes,Official,"N.J. Exec. Order No. 242 (May 24, 2021)",34003,105080,1775,0.02,0.014,0.053,0.151,0.762
2021-07-04,2,Yes,Official,"N.J. Exec. Order No. 242 (May 24, 2021)",34003,105086,1775,0.02,0.014,0.053,0.151,0.762
2021-07-05,2,Yes,Official,"N.J. Exec. Order No. 242 (May 24, 2021)",34003,105095,1775,0.02,0.014,0.053,0.151,0.762
2021-07-06,2,Yes,Official,"N.J. Exec. Order No. 242 (May 24, 2021)",34003,105108,1775,0.02,0.014,0.053,0.151,0.762
2021-07-07,2,Yes,Official,"N.J. Exec. Order No. 242 (May 24, 2021)",34003,105129,1775,0.02,0.014,0.053,0.151,0.762
2021-07-08,2,Yes,Official,"N.J. Exec. Order No. 242 (May 24, 2021)",34003,105159,1775,0.02,0.014,0.053,0.151,0.762
2021-07-09,2,Yes,Official,"N.J. Exec. Order No. 242 (May 24, 2021)",34003,105181,1775,0.02,0.014,0.053,0.151,0.762
2021-07-10,2,Yes,Official,"N.J. Exec. Order No. 242 (May 24, 2021)",34003,105203,1775,0.02,0.014,0.053,0.151,0.762
2021-07-11,2,Yes,Official,"N.J. Exec. Order No. 242 (May 24, 2021)",34003,105235,1775,0.02,0.014,0.053,0.151,0.762
2021-07-12,2,Yes,Official,"N.J. Exec. Order No. 242 (May 24, 2021)",34003,105249,1775,0.02,0.014,0.053,0.151,0.762
2021-07-13,2,Yes,Official,"N.J. Exec. Order No. 242 (May 24, 2021)",34003,105290,1775,0.02,0.014,0.053,0.151,0.762
2021-07-14,2,Yes,Official,"N.J. Exec. Order No. 242 (May 24, 2021)",34003,105338,1775,0.02,0.014,0.053,0.151,0.762
2021-07-15,2,Yes,Official,"N.J. Exec. Order No. 242 (May 24, 2021)",34003,105384,1775,0.02,0.014,0.053,0.151,0.762
2021-07-16,2,Yes,Official,"N.J. Exec. Order No. 242 (May 24, 2021)",34003,105434,1775,0.02,0.014,0.053,0.151,0.762
2021-07-17,2,Yes,Official,"N.J. Exec. Order No. 242 (May 24, 2021)",34003,105485,1775,0.02,0.014,0.053,0.151,0.762
2021-07-18,2,Yes,Official,"N.J. Exec. Order No. 242 (May 24, 2021)",34003,105517,1775,0.02,0.014,0.053,0.151,0.762
2021-07-19,2,Yes,Official,"N.J. Exec. Order No. 242 (May 24, 2021)",34003,105547,1775,0.02,0.014,0.053,0.151,0.762
2021-07-20,2,Yes,Official,"N.J. Exec. Order No. 242 (May 24, 2021)",34003,105595,1775,0.02,0.014,0.053,0.151,0.762
2021-07-21,2,Yes,Official,"N.J. Exec. Order No. 242 (May 24, 2021)",34003,105647,1775,0.02,0.014,0.053,0.151,0.762
2021-07-22,2,Yes,Official,"N.J. Exec. Order No. 242 (May 24, 2021)",34003,105735,1775,0.02,0.014,0.053,0.151,0.762
2021-07-23,2,Yes,Official,"N.J. Exec. Order No. 242 (May 24, 2021)",34003,105835,1775,0.02,0.014,0.053,0.151,0.762
2021-07-24,2,Yes,Official,"N.J. Exec. Order No. 242 (May 24, 2021)",34003,105922,1775,0.02,0.014,0.053,0.151,0.762
2021-07-25,2,Yes,Official,"N.J. Exec. Order No. 242 (May 24, 2021)",34003,105987,1775,0.02,0.014,0.053,0.151,0.762
2021-07-26,2,Yes,Official,"N.J. Exec. Order No. 242 (May 24, 2021)",34003,106059,1775,0.02,0.014,0.053,0.151,0.762
2021-07-27,2,Yes,Official,"N.J. Exec. Order No. 242 (May 24, 2021)",34003,106138,1775,0.02,0.014,0.053,0.151,0.762
2021-07-28,2,Yes,Official,"N.J. Exec. Order No. 242 (May 24, 2021)",34003,106239,1775,0.02,0.014,0.053,0.151,0.762
2021-07-29,2,Yes,Official,"N.J. Exec. Order No. 242 (May 24, 2021)",34003,106361,1775,0.02,0.014,0.053,0.151,0.762
2021-07-30,2,Yes,Official,"N.J. Exec. Order No. 242 (May 24, 2021)",34003,106473,1775,0.02,0.014,0.053,0.151,0.762
2021-07-31,2,Yes,Official,"N.J. Exec. Order No. 242 (May 24, 2021)",34003,106588,1775,0.02,0.014,0.053,0.151,0.762
2021-08-01,2,Yes,Official,"N.J. Exec. Order No. 242 (May 24, 2021)",34003,106692,1775,0.02,0.014,0.053,0.151,0.762
2021-08-02,2,Yes,Official,"N.J. Exec. Order No. 242 (May 24, 2021)",34003,106777,1775,0.02,0.014,0.053,0.151,0.762
2021-08-03,2,Yes,Official,"N.J. Exec. Order No. 242 (May 24, 2021)",34003,106906,1775,0.02,0.014,0.053,0.151,0.762
2021-08-04,2,Yes,Official,"N.J. Exec. Order No. 242 (May 24, 2021)",34003,107009,1775,0.02,0.014,0.053,0.151,0.762
2021-08-05,2,Yes,Official,"N.J. Exec. Order No. 242 (May 24, 2021)",34003,107133,1775,0.02,0.014,0.053,0.151,0.762
2021-08-06,2,Yes,Official,"N.J. Exec. Order No. 252 (Aug. 6, 2021)",34003,107269,1775,0.02,0.014,0.053,0.151,0.762
2021-08-07,2,Yes,Official,"N.J. Exec. Order No. 252 (Aug. 6, 2021)",34003,107380,1775,0.02,0.014,0.053,0.151,0.762
2021-08-08,2,Yes,Official,"N.J. Exec. Order No. 252 (Aug. 6, 2021)",34003,107471,1775,0.02,0.014,0.053,0.151,0.762
2021-08-09,2,Yes,Official,"N.J. Exec. Order No. 252 (Aug. 6, 2021)",34003,107533,1775,0.02,0.014,0.053,0.151,0.762
2021-08-10,2,Yes,Official,"N.J. Exec. Order No. 252 (Aug. 6, 2021)",34003,107723,1775,0.02,0.014,0.053,0.151,0.762
2021-08-11,2,Yes,Official,"N.J. Exec. Order No. 252 (Aug. 6, 2021)",34003,107878,1775,0.02,0.014,0.053,0.151,0.762
2021-08-12,2,Yes,Official,"N.J. Exec. Order No. 252 (Aug. 6, 2021)",34003,108073,1775,0.02,0.014,0.053,0.151,0.762
2021-08-13,2,Yes,Official,"N.J. Exec. Order No. 252 (Aug. 6, 2021)",34003,108214,1775,0.02,0.014,0.053,0.151,0.762
2021-08-14,2,Yes,Official,"N.J. Exec. Order No. 252 (Aug. 6, 2021)",34003,108434,1775,0.02,0.014,0.053,0.151,0.762
2021-08-15,2,Yes,Official,"N.J. Exec. Order No. 252 (Aug. 6, 2021)",34003,108442,1775,0.02,0.014,0.053,0.151,0.762
